track_id,facility,configuration,location,length_mi,shape,surface,road_course,turns,banking,primary_family,secondary_family,tire_degradation_prior,track_position_premium_prior,passing_difficulty_prior,attrition_risk_prior,restart_volatility_prior,pit_road_importance_prior,qualifying_importance_prior,strategy_flexibility_prior,dfs_dominator_concentration_prior,finish_variance_prior,key_comparables,key_change_notes,racing_analysis,dfs_betting_implications,source_ids,confidence,status,completed_points_races_2015_2025,completed_points_races_2026_through_cutoff,future_scheduled_points_races_2026,scheduled_points_races_2026_total,scope_event_count_including_2026_schedule,first_year_in_scope,last_year_in_scope_or_schedule,event_count_evidence,score_type,evidence_class,structural_nearest_neighbors
daytona_oval,Daytona International Speedway,2.5-mile oval,"Daytona Beach, Florida",2.5,high-banked tri-oval,asphalt,False,4,31 deg turns; 18 deg tri-oval,Drafting superspeedway,large-pack drafting,2,3,2,10,10,6,2,8,3,10,Talladega; Atlanta post-2022,Traditional restrictor-plate venue through the 2019 Daytona 500; tapered-spacer superspeedway packages thereafter. Treat each major package revision as an era break.,"Pack position is a transient state rather than a stable speed ranking. Lane energy, manufacturer cooperation, pit-cycle drafting partners and avoidance probability often matter more than five-lap isolated speed. Daytona is more handling-sensitive than Talladega because its corners are tighter and the surface/bumps can separate cars late in runs.","DFS: place differential and survival generally dominate conventional dominator logic, but front-row cars can still score early laps led. Betting: demand a large uncertainty premium; matchup and finishing-position markets should incorporate correlated wreck exposure rather than independent driver risk.",S003;S004;S036;S037,High,historical/current,22,1,1,2,24,2015,2026,Calculated from annual points-race schedules S012-S022 and official 2026 schedule S001-S002.,"Analyst structural prior (1=low, 10=high); not an empirical measurement.",Verified Fact for physical/schedule fields; Calculated Result for event counts; Strong Inference for racing/DFS analysis; Working Hypothesis for prior scores.,talladega_oval (92.9); atlanta_post_2022 (37.1)
talladega_oval,Talladega Superspeedway,2.66-mile oval,"Talladega, Alabama",2.66,high-banked tri-oval,asphalt,False,4,33 deg turns; 16.5 deg tri-oval,Drafting superspeedway,largest-pack drafting,2,2,1,10,10,6,2,9,2,10,Daytona; Atlanta post-2022,Traditional restrictor-plate venue through 2018; first tapered-spacer superspeedway package in spring 2019.,"The width and long lap sustain multi-lane packs and make raw passing counts deceptively high: many passes are low-value oscillations inside a connected draft. The actionable unit is often lane/pack position entering late restarts, not cumulative green-flag passes.",DFS: maximize correlated upside carefully and avoid projecting multiple high-priced dominators. Betting: outright prices should be flatter than at any non-drafting oval; top-10 parlays are especially exposed to common-cause crash risk.,S003;S004;S036;S037,High,historical/current,22,1,1,2,24,2015,2026,Calculated from annual points-race schedules S012-S022 and official 2026 schedule S001-S002.,"Analyst structural prior (1=low, 10=high); not an empirical measurement.",Verified Fact for physical/schedule fields; Calculated Result for event counts; Strong Inference for racing/DFS analysis; Working Hypothesis for prior scores.,daytona_oval (92.9); atlanta_post_2022 (36.1)
atlanta_pre_2022,Atlanta Motor Speedway,pre-2022 1.54-mile oval,"Hampton, Georgia",1.54,quad-oval,aged asphalt,False,4,24 deg turns,Intermediate oval,worn-surface high-degradation intermediate,10,4,4,5,6,7,5,7,8,6,Homestead; Darlington; Chicagoland; Auto Club,Configuration used through 2021; not comparable to the 2022+ drafting layout despite the same facility.,"Old Atlanta rewarded throttle control, searching for multiple grooves and managing severe falloff. Long-run speed and driver adaptability carried more signal than short-run qualifying trim.",DFS: strong dominator potential and meaningful fastest-lap concentration; practice long-run averages and historical high-wear skill deserve heavy weight. Betting: upgrades drivers who preserve rear tire and move lanes; downgrade models that pool post-2022 results.,S004;S012;S013;S014;S015;S016;S017;S018;S023,High,historical/current,8,0,0,0,8,2015,2021,Calculated from annual points-race schedules S012-S022 and official 2026 schedule S001-S002.,"Analyst structural prior (1=low, 10=high); not an empirical measurement.",Verified Fact for physical/schedule fields; Calculated Result for event counts; Strong Inference for racing/DFS analysis; Working Hypothesis for prior scores.,homestead (95.0); chicagoland_oval (94.0); kansas (89.4); texas_pre_2017 (89.4); darlington (87.3)
atlanta_post_2022,EchoPark Speedway (Atlanta),2022+ 1.54-mile drafting oval,"Hampton, Georgia",1.54,narrow high-banked quad-oval,asphalt,False,4,28 deg turns,Condensed drafting speedway,hybrid pack/intermediate,4,5,3,9,10,6,3,8,4,9,Daytona; Talladega; unique one-of-one,"Between 2021 and 2022, banking increased 24 to 28 degrees and width narrowed 55 to 40 feet, creating NASCAR’s third drafting-style track. Surface aging may gradually increase lift and tire management.","This is not simply a small Daytona. The shorter lap, narrow surface and tighter radius compress reaction time, increase blockage and make track position more persistent when the field becomes two-wide. As the surface ages, the track may migrate toward a hybrid state where handling and tire falloff matter earlier.",DFS: balance place differential with some laps-led exposure because leaders can defend more effectively than at Talladega. Betting: separate early-era 2022-23 data from later surface-aging races and model crash risk plus handling sensitivity jointly.,S001;S002;S003;S023,High,historical/current,8,2,0,2,10,2022,2026,Calculated from annual points-race schedules S012-S022 and official 2026 schedule S001-S002.,"Analyst structural prior (1=low, 10=high); not an empirical measurement.",Verified Fact for physical/schedule fields; Calculated Result for event counts; Strong Inference for racing/DFS analysis; Working Hypothesis for prior scores.,daytona_oval (37.1); talladega_oval (36.1)
auto_club_2mi,Auto Club Speedway,2.0-mile D-oval,"Fontana, California",2.0,wide D-oval,aged asphalt,False,4,14 deg turns,High-speed intermediate,wide worn multi-groove,8,4,3,6,8,7,5,8,7,7,Michigan; Homestead; old Atlanta; Chicagoland,Cup points races in scope through 2023. Proposed future short-track redevelopment is not included because it is not on the 2026 points schedule.,"Width, seams and surface age created multiple usable lanes and substantial speed variation across a fuel run. Compared with Michigan, Fontana placed more emphasis on tire life, lane searching and traffic management.",DFS: place differential and long-run ceiling could coexist; a fast car starting deep was less trapped than at narrow intermediates. Betting: historical Auto Club performance transfers better to worn multi-groove tracks than to current drafting Atlanta.,S003;S004;S012;S013;S014;S015;S016;S017;S019;S020,High,historical/current,8,0,0,0,8,2015,2023,Calculated from annual points-race schedules S012-S022 and official 2026 schedule S001-S002.,"Analyst structural prior (1=low, 10=high); not an empirical measurement.",Verified Fact for physical/schedule fields; Calculated Result for event counts; Strong Inference for racing/DFS analysis; Working Hypothesis for prior scores.,michigan (84.1); chicagoland_oval (39.0); homestead (38.8); atlanta_pre_2022 (38.6); kansas (38.1)
charlotte_oval,Charlotte Motor Speedway,1.5-mile oval,"Concord, North Carolina",1.5,quad-oval,asphalt,False,4,24 deg turns,Intermediate oval,high-speed conventional 1.5-mile,5,7,6,4,7,8,7,6,8,4,Las Vegas; Kansas; Texas; Kentucky post-2016,Fall oval race replaced by the Roval beginning in 2018; the Coca-Cola 600’s distance is a material event-format modifier.,"Charlotte is a balanced intermediate test: aerodynamic platform, traffic behavior, pit execution and changing day-to-night conditions all matter. The 600 creates more pit cycles and more opportunity for elite teams to recover, but also more mechanical and execution exposure.","DFS: dominator scoring is central because of lap count, especially in the 600; split exposure among plausible long-run leaders rather than overusing place differential. Betting: team depth, pit crew and adjustment quality deserve more weight than at shorter 400-mile intermediates.",S003;S004;S012;S013;S014;S015;S016;S017;S018;S019;S020;S021;S022;S001,High,historical/current,15,1,0,1,16,2015,2026,Calculated from annual points-race schedules S012-S022 and official 2026 schedule S001-S002.,"Analyst structural prior (1=low, 10=high); not an empirical measurement.",Verified Fact for physical/schedule fields; Calculated Result for event counts; Strong Inference for racing/DFS analysis; Working Hypothesis for prior scores.,las_vegas (96.8); kentucky_pre_2016 (94.7); texas_pre_2017 (91.8); kansas (90.0); kentucky_post_2016 (90.0)
chicagoland_oval,Chicagoland Speedway,1.5-mile oval,"Joliet, Illinois",1.5,tri-oval,aged asphalt,False,4,18 deg turns,Intermediate oval,worn progressive multi-groove,8,5,4,5,7,7,5,8,8,6,Homestead; Kansas; old Atlanta; Auto Club,Hosted Cup through 2019 and returned to the points schedule in 2026. The long hiatus creates a surface/field-experience discontinuity.,"Progressive banking and aging asphalt reward lane migration and tire management. The 2026 return should be treated as a new observation on an old geometry: historical driver skill is relevant, but setup priors need shrinkage because the car, tire and surface age changed during the absence.","DFS: long-run practice and driver high-line skill should be emphasized, with reduced confidence in pre-Next Gen raw averages. Betting: look for market overreaction either to old-track specialists or to complete dismissal of historical skill; blend both with strong era shrinkage.",S004;S012;S013;S014;S015;S016;S035;S001;S002,Medium-High,historical/current,5,1,0,1,6,2015,2026,Calculated from annual points-race schedules S012-S022 and official 2026 schedule S001-S002.,"Analyst structural prior (1=low, 10=high); not an empirical measurement.",Verified Fact for physical/schedule fields; Calculated Result for event counts; Strong Inference for racing/DFS analysis; Working Hypothesis for prior scores.,homestead (98.9); atlanta_pre_2022 (94.0); kansas (92.8); texas_pre_2017 (92.8); darlington (88.7)
darlington,Darlington Raceway,1.366-mile egg-shaped oval,"Darlington, South Carolina",1.366,asymmetrical egg-shaped oval,highly abrasive asphalt,False,4,25 deg turns 1-2; 23 deg turns 3-4,Intermediate oval,extreme tire-wear driver track,10,6,5,7,7,8,6,8,8,7,Homestead; old Atlanta; Chicagoland,"Geometry is intentionally asymmetric; same-facility data remains more portable across packages than generic intermediate averages, but tire compounds are critical.","Darlington separates entry precision, wall proximity, tire conservation and traffic technique. Average running position is more informative than finish because wall contact, late cautions and tire cycles can distort the box score.","DFS: prioritize sustained speed and fastest-lap potential; dominators often emerge, but tire-cycle timing can split laps led. Betting: driver skill and team adjustment quality deserve a larger coefficient than at smooth, symmetric 1.5-mile tracks.",S003;S004;S006;S012;S013;S014;S015;S016;S017;S018;S019;S020;S021;S022;S001,High,historical/current,18,1,1,2,20,2015,2026,Calculated from annual points-race schedules S012-S022 and official 2026 schedule S001-S002.,"Analyst structural prior (1=low, 10=high); not an empirical measurement.",Verified Fact for physical/schedule fields; Calculated Result for event counts; Strong Inference for racing/DFS analysis; Working Hypothesis for prior scores.,homestead (89.6); chicagoland_oval (88.7); texas_pre_2017 (87.9); atlanta_pre_2022 (87.3); kansas (86.2)
homestead,Homestead-Miami Speedway,1.5-mile oval,"Homestead, Florida",1.5,progressive-banked oval,abrasive asphalt,False,4,18-20 deg progressive,Intermediate oval,high-line tire-management intermediate,9,5,4,5,7,7,5,8,8,6,Darlington; Chicagoland; old Atlanta,Calendar placement moved from championship finale to regular/playoff roles and back to the 2026 championship finale; pressure context is not a physical track trait.,"Progressive banking supports several lanes, while the wall-adjacent high line can generate speed at elevated risk. Long-run throttle control and the ability to change lanes as rubber builds are highly portable skills.","DFS: dominator and fastest-lap upside is high; do not overrate qualifying alone. Betting: reward drivers with proven tire conservation and high-line confidence, while separating championship incentives from ordinary race pace.",S003;S004;S012;S013;S014;S015;S016;S017;S018;S019;S020;S021;S022;S001,High,historical/current,11,0,1,1,12,2015,2026,Calculated from annual points-race schedules S012-S022 and official 2026 schedule S001-S002.,"Analyst structural prior (1=low, 10=high); not an empirical measurement.",Verified Fact for physical/schedule fields; Calculated Result for event counts; Strong Inference for racing/DFS analysis; Working Hypothesis for prior scores.,chicagoland_oval (98.9); atlanta_pre_2022 (95.0); kansas (91.8); texas_pre_2017 (91.8); darlington (89.6)
kansas,Kansas Speedway,1.5-mile oval,"Kansas City, Kansas",1.5,tri-oval,asphalt,False,4,17-20 deg variable/progressive,Intermediate oval,multi-groove Next Gen benchmark,7,6,4,4,8,7,6,7,8,5,Las Vegas; Homestead; Chicagoland; Charlotte,No major configuration split in scope; package and tire eras remain essential.,"Kansas has become one of the most informative Next Gen intermediates because multiple lanes, side draft and tire falloff allow both car quality and driver decision-making to express. Restarts create large but not purely random position swings.","DFS: one or two dominators are often viable, but deep-starting elite cars retain recovery paths. Betting: Kansas is a strong donor track for other multi-groove intermediates, with recent Next Gen performance weighted heavily.",S003;S004;S006;S007;S008;S012;S013;S014;S015;S016;S017;S018;S019;S020;S021;S022;S001,High,historical/current,22,1,1,2,24,2015,2026,Calculated from annual points-race schedules S012-S022 and official 2026 schedule S001-S002.,"Analyst structural prior (1=low, 10=high); not an empirical measurement.",Verified Fact for physical/schedule fields; Calculated Result for event counts; Strong Inference for racing/DFS analysis; Working Hypothesis for prior scores.,texas_pre_2017 (95.7); chicagoland_oval (92.8); las_vegas (92.8); homestead (91.8); kentucky_pre_2016 (90.9)
kentucky_pre_2016,Kentucky Speedway,pre-2016 1.5-mile oval,"Sparta, Kentucky",1.5,tri-oval,aged/bumpy asphalt,False,4,14 deg turns,Intermediate oval,bumpy pre-reconfiguration,6,7,6,5,6,7,7,6,8,5,old Texas; Charlotte; Las Vegas,Only the 2015 Cup race is in the requested core window for this version.,"The pre-reconfiguration surface’s bumps and lower grip created a materially different setup problem from 2016 onward. With a one-race core sample, use this profile as historical context, not a standalone predictive cluster.",DFS/betting: do not mix the 2015 result with post-2016 Kentucky without a configuration flag. Any driver-specific conclusion has very low sample support.,S004;S012;S025,High facts / Low predictive,historical/current,1,0,0,0,1,2015,2015,Calculated from annual points-race schedules S012-S022 and official 2026 schedule S001-S002.,"Analyst structural prior (1=low, 10=high); not an empirical measurement.",Verified Fact for physical/schedule fields; Calculated Result for event counts; Strong Inference for racing/DFS analysis; Working Hypothesis for prior scores.,las_vegas (95.7); charlotte_oval (94.7); texas_pre_2017 (94.7); kansas (90.9); chicagoland_oval (88.2)
kentucky_post_2016,Kentucky Speedway,2016-2020 reconfigured oval,"Sparta, Kentucky",1.5,asymmetric tri-oval,repaved asphalt,False,4,17 deg turns 1-2; 14 deg turns 3-4,Intermediate oval,smooth asymmetric aero/track-position,3,9,8,4,7,8,9,4,8,4,Texas post-2017; Indianapolis oval; Charlotte,2016 full reconfiguration/repave increased Turns 1-2 banking and produced asymmetric ends. Last Cup points race was 2020.,"The fresh surface narrowed the competitive groove and raised the value of clean air and restart execution. Because the active sample ended before Next Gen, transfer to current smooth tracks should be conceptual rather than direct.","DFS: qualifying and likely leaders carried more value than speculative deep place differential. Betting: historical performance is most useful as evidence of driver strength on narrow, aero-sensitive surfaces, with heavy era discount.",S004;S013;S014;S015;S016;S017;S025,High,historical/current,5,0,0,0,5,2016,2020,Calculated from annual points-race schedules S012-S022 and official 2026 schedule S001-S002.,"Analyst structural prior (1=low, 10=high); not an empirical measurement.",Verified Fact for physical/schedule fields; Calculated Result for event counts; Strong Inference for racing/DFS analysis; Working Hypothesis for prior scores.,texas_post_2017 (94.7); charlotte_oval (90.0); las_vegas (87.4); kentucky_pre_2016 (85.7); texas_pre_2017 (83.3)
las_vegas,Las Vegas Motor Speedway,1.5-mile oval,"Las Vegas, Nevada",1.5,tri-oval,asphalt,False,4,20 deg turns,Intermediate oval,conventional high-speed 1.5-mile,6,7,5,4,7,7,7,6,8,4,Kansas; Charlotte; Texas; Michigan,Two annual points races beginning in 2018; no material physical split in scope.,"Las Vegas is a clean test of intermediate organizational speed, aerodynamic balance and long-run pace. It is less forgiving than Kansas for a car that loses front grip in traffic, making track position and pit execution more persistent.",DFS: dominator concentration is usually important; long-run practice and recent intermediate form should lead projections. Betting: manufacturer/team platform strength can be more predictive here than isolated driver track history.,S003;S004;S012;S013;S014;S015;S016;S017;S018;S019;S020;S021;S022;S001,High,historical/current,19,1,1,2,21,2015,2026,Calculated from annual points-race schedules S012-S022 and official 2026 schedule S001-S002.,"Analyst structural prior (1=low, 10=high); not an empirical measurement.",Verified Fact for physical/schedule fields; Calculated Result for event counts; Strong Inference for racing/DFS analysis; Working Hypothesis for prior scores.,charlotte_oval (96.8); kentucky_pre_2016 (95.7); texas_pre_2017 (94.7); kansas (92.8); chicagoland_oval (88.2)
michigan,Michigan International Speedway,2.0-mile D-oval,"Brooklyn, Michigan",2.0,wide D-oval,asphalt,False,4,18 deg turns,High-speed intermediate,wide high-speed low-drag oval,4,7,6,5,8,7,7,7,8,5,Auto Club; Pocono; Kansas,Moved from two races to one after 2020; package dependence is high because horsepower/drag strongly affect passing.,"Michigan’s width creates theoretical options, but high speed and aerodynamic wake can still make runs difficult to complete. Fuel mileage and restart lane selection can have outsized impact because long green runs produce limited organic reshuffling.","DFS: dominators matter, but fuel strategy can redistribute late laps led. Betting: emphasize engine/aero platform, restart execution and fuel-window probability; avoid treating Auto Club as a perfect comparable because tire wear differed.",S003;S004;S012;S013;S014;S015;S016;S017;S018;S019;S020;S021;S022;S001,High,historical/current,17,1,0,1,18,2015,2026,Calculated from annual points-race schedules S012-S022 and official 2026 schedule S001-S002.,"Analyst structural prior (1=low, 10=high); not an empirical measurement.",Verified Fact for physical/schedule fields; Calculated Result for event counts; Strong Inference for racing/DFS analysis; Working Hypothesis for prior scores.,auto_club_2mi (84.1); kentucky_pre_2016 (39.1); charlotte_oval (39.0); las_vegas (38.8); kansas (38.6)
texas_pre_2017,Texas Motor Speedway,pre-2017 1.5-mile oval,"Fort Worth, Texas",1.5,quad-oval,aged asphalt,False,4,24 deg turns,Intermediate oval,older bumpy high-speed intermediate,7,6,5,5,7,7,6,6,8,5,Charlotte; old Atlanta; Las Vegas,Configuration used through 2016; 2017 repave/reconfiguration is a hard split.,The older Texas rewarded bump management and had more lane evolution than the later configuration. Pooling it with 2017+ data erases the most important physical change at the facility.,DFS/betting: pre-2017 track history should receive minimal weight for current Texas projections except as broad evidence of 1.5-mile skill.,S004;S012;S013;S024,High,historical/current,4,0,0,0,4,2015,2016,Calculated from annual points-race schedules S012-S022 and official 2026 schedule S001-S002.,"Analyst structural prior (1=low, 10=high); not an empirical measurement.",Verified Fact for physical/schedule fields; Calculated Result for event counts; Strong Inference for racing/DFS analysis; Working Hypothesis for prior scores.,kansas (95.7); kentucky_pre_2016 (94.7); las_vegas (94.7); chicagoland_oval (92.8); charlotte_oval (91.8)
texas_post_2017,Texas Motor Speedway,2017+ asymmetric 1.5-mile oval,"Fort Worth, Texas",1.5,asymmetric quad-oval,repaved asphalt,False,4,20 deg turns 1-2; 24 deg turns 3-4,Intermediate oval,smooth asymmetric track-position oval,4,9,9,6,7,8,9,4,8,5,Kentucky post-2016; Indianapolis oval; Charlotte,2017 repave reduced Turns 1-2 banking from 24 to 20 degrees and widened that end from 60 to 80 feet; Turns 3-4 stayed 24 degrees.,"The two ends demand different compromises, while the repaved surface historically concentrated usable grip. Passing difficulty makes restart lane, pit exit and clean air unusually valuable, though tire and resin applications can shift the exact behavior by event.",DFS: prioritize front-end speed and dominator candidates; deep-starting plays need a clear pace edge. Betting: qualifying and pit crew should be explicitly modeled; use same-track recency over generic intermediate history.,S003;S004;S014;S015;S016;S017;S018;S019;S020;S021;S022;S024;S001,High,historical/current,13,1,0,1,14,2017,2026,Calculated from annual points-race schedules S012-S022 and official 2026 schedule S001-S002.,"Analyst structural prior (1=low, 10=high); not an empirical measurement.",Verified Fact for physical/schedule fields; Calculated Result for event counts; Strong Inference for racing/DFS analysis; Working Hypothesis for prior scores.,kentucky_post_2016 (94.7); charlotte_oval (87.4); kentucky_pre_2016 (86.5); las_vegas (84.9); texas_pre_2017 (84.1)
indianapolis_oval,Indianapolis Motor Speedway,2.5-mile oval,"Speedway, Indiana",2.5,rectangular oval,asphalt,False,4,9 deg turns,Large flat oval,momentum/track-position crown-jewel,3,9,9,6,8,9,9,9,7,7,Pocono; Texas post-2017; Michigan,Cup used the road course 2021-2023 and returned to the oval in 2024. Do not pool layouts.,"Four distinct low-banked corners, long straights and narrow aero windows create a momentum and clean-air problem unlike a conventional oval. Pit timing and caution timing can dominate because passing comparable-speed cars is difficult.","DFS: front-row and early leader exposure is important, but strategy can create late place-differential swings. Betting: qualifying, pit crew and crew-chief strategy deserve premium weights; model incident risk at restarts separately from baseline green-flag pace.",S003;S004;S012;S013;S014;S015;S016;S017;S021;S022;S001,High,historical/current,8,0,1,1,9,2015,2026,Calculated from annual points-race schedules S012-S022 and official 2026 schedule S001-S002.,"Analyst structural prior (1=low, 10=high); not an empirical measurement.",Verified Fact for physical/schedule fields; Calculated Result for event counts; Strong Inference for racing/DFS analysis; Working Hypothesis for prior scores.,pocono (92.8)
pocono,Pocono Raceway,2.5-mile triangular oval,"Long Pond, Pennsylvania",2.5,three-turn triangular oval,asphalt,False,3,14 deg T1; 8 deg T2; 6 deg T3,Large flat oval,three-corner compromise/fuel-strategy,4,8,7,5,8,9,8,9,7,6,Indianapolis oval; Michigan; Gateway,Two-race doubleheaders in 2020-21 are event-format anomalies; one annual race from 2022.,"Each corner references a different archetype, forcing setup compromise. Long straights make exit speed decisive, while the race distance and pit windows make fuel and stage-break strategy unusually influential.","DFS: dominator concentration can be lower than lap count suggests because strategy cycles leaders. Betting: crew-chief quality, fuel mileage and restart strength should supplement raw speed; same-track practice is especially valuable.",S003;S004;S012;S013;S014;S015;S016;S017;S018;S019;S020;S021;S022;S001,High,historical/current,18,1,0,1,19,2015,2026,Calculated from annual points-race schedules S012-S022 and official 2026 schedule S001-S002.,"Analyst structural prior (1=low, 10=high); not an empirical measurement.",Verified Fact for physical/schedule fields; Calculated Result for event counts; Strong Inference for racing/DFS analysis; Working Hypothesis for prior scores.,indianapolis_oval (92.8)
bristol_concrete,Bristol Motor Speedway,0.533-mile concrete oval,"Bristol, Tennessee",0.533,high-banked oval,concrete,False,4,24-28 deg variable,High-banked compact oval,concrete bullring,8,7,6,8,10,8,7,7,9,7,Dover; Nashville; North Wilkesboro (partial),The spring event was dirt-covered in 2021-23; those races are separate. Tire/resin/traction-compound conditions can create event-specific regime shifts.,"Bristol combines traffic density, rhythm, tire behavior and contact. Laps led and fastest laps can concentrate heavily, but a dominant car has unusually high exposure to lapped traffic and restart incidents.","DFS: dominators are essential because of lap volume; roster construction should usually include multiple plausible leaders. Betting: practice long runs, tire notes and groove-development reports are higher value than season-long averages.",S003;S004;S006;S012;S013;S014;S015;S016;S017;S018;S019;S020;S021;S022;S039;S001,High,historical/current,19,1,1,2,21,2015,2026,Calculated from annual points-race schedules S012-S022 and official 2026 schedule S001-S002.,"Analyst structural prior (1=low, 10=high); not an empirical measurement.",Verified Fact for physical/schedule fields; Calculated Result for event counts; Strong Inference for racing/DFS analysis; Working Hypothesis for prior scores.,dover (83.8); nashville (79.4); martinsville (39.8); north_wilkesboro (31.2); iowa (30.6)
bristol_dirt,Bristol Motor Speedway,temporary dirt oval (2021-2023),"Bristol, Tennessee",0.533,high-banked dirt-covered oval,temporary dirt over concrete,False,4,variable after dirt installation,Dirt oval,temporary dirt wildcard,6,5,4,9,10,5,4,7,6,10,No strong Cup comparable; dirt experience only partial,"Three points races, 2021-2023. Surface preparation, weather and format materially changed the race environment.","This was a surface-state event more than a stable track archetype. Visibility, moisture, groove migration and dirt-specific car control mattered, but Cup dirt experience and non-Cup dirt credentials did not transfer one-for-one.",DFS/betting: treat as a retired micro-regime with tiny sample and extreme uncertainty. Historical results should not influence concrete Bristol projections.,S018;S019;S020,High facts / Low generalization,historical,3,0,0,0,3,2021,2023,Calculated from annual points-race schedules S012-S022 and official 2026 schedule S001-S002.,"Analyst structural prior (1=low, 10=high); not an empirical measurement.",Verified Fact for physical/schedule fields; Calculated Result for event counts; Strong Inference for racing/DFS analysis; Working Hypothesis for prior scores.,None within same structural supergroup
dover,Dover Motor Speedway,1.0-mile concrete oval,"Dover, Delaware",1.0,high-banked oval,concrete,False,4,24 deg turns; 9 deg straights,High-banked compact oval,concrete one-mile rhythm track,7,8,7,7,8,8,8,6,9,6,Bristol concrete; Nashville,Dover’s 2026 Cup date is the non-points All-Star event and is intentionally excluded from the primary event count.,"Elevation change into and out of the corners creates a sustained-load rhythm problem. Track position and long-run balance matter, while concrete consistency does not eliminate rubber and tire-condition effects.","DFS: high dominator concentration and meaningful fastest-lap upside; prioritize cars likely to control long green runs. Betting: same-track and Bristol/Nashville concrete skill is useful, but no points race is scheduled in 2026.",S003;S004;S012;S013;S014;S015;S016;S017;S018;S019;S020;S021;S022;S001,High,historical/current,17,0,0,0,17,2015,2025,Calculated from annual points-race schedules S012-S022 and official 2026 schedule S001-S002.,"Analyst structural prior (1=low, 10=high); not an empirical measurement.",Verified Fact for physical/schedule fields; Calculated Result for event counts; Strong Inference for racing/DFS analysis; Working Hypothesis for prior scores.,nashville (88.2); bristol_concrete (83.8); martinsville (38.5); new_hampshire (31.2); phoenix_pre_2018f (31.1)
iowa,Iowa Speedway,0.875-mile oval,"Newton, Iowa",0.875,D-shaped short oval,asphalt,False,4,12-14 deg progressive,Short oval,progressive multi-groove short track,8,6,5,6,9,7,6,8,8,7,Richmond; North Wilkesboro; Phoenix,Cup points debut in 2024; small Cup sample. Surface patches and tire behavior are central event variables.,"Progressive banking and multiple lanes make Iowa less track-position locked than many flat short tracks. Tire falloff can create comers and goers, but restart aggression still produces sharp short-run variance.",DFS: combine long-run speed with moderate place-differential opportunity; dominators remain important due to lap count. Betting: Xfinity/Truck history can inform comfort but must be discounted for car and field differences.,S003;S004;S021;S022;S001;S039,Medium-High,historical/current,2,0,1,1,3,2024,2026,Calculated from annual points-race schedules S012-S022 and official 2026 schedule S001-S002.,"Analyst structural prior (1=low, 10=high); not an empirical measurement.",Verified Fact for physical/schedule fields; Calculated Result for event counts; Strong Inference for racing/DFS analysis; Working Hypothesis for prior scores.,north_wilkesboro (90.5); richmond (88.9); martinsville (52.2); new_hampshire (38.9); phoenix_post_2018f (38.4)
martinsville,Martinsville Speedway,0.526-mile oval,"Ridgeway, Virginia",0.526,paperclip oval,asphalt straights / concrete turns,False,4,12 deg turns,Short oval,flat braking/contact short track,5,8,8,7,10,8,8,8,8,7,North Wilkesboro; Richmond; New Hampshire,"No major physical split in scope; brake package, shifting rules, tire and horsepower are important era variables.","Martinsville is a braking, rotation and drive-off contest where traffic and lane control can overwhelm small pace differences. Passing often requires setting up exits or using contact, so average running position and restart retention are valuable diagnostics.","DFS: laps-led concentration makes dominators essential; starting position matters, but elite cars can move through the field over 500 laps. Betting: model retaliation/contact and late-race restart risk separately from baseline speed.",S003;S004;S012;S013;S014;S015;S016;S017;S018;S019;S020;S021;S022;S039;S001,High,historical/current,22,1,1,2,24,2015,2026,Calculated from annual points-race schedules S012-S022 and official 2026 schedule S001-S002.,"Analyst structural prior (1=low, 10=high); not an empirical measurement.",Verified Fact for physical/schedule fields; Calculated Result for event counts; Strong Inference for racing/DFS analysis; Working Hypothesis for prior scores.,north_wilkesboro (54.6); iowa (52.2); richmond (51.4); bristol_concrete (39.8); dover (38.5)
nashville,Nashville Superspeedway,1.333-mile concrete oval,"Lebanon, Tennessee",1.333,D-shaped oval,concrete,False,4,14 deg turns,High-banked compact oval,concrete aero/track-position hybrid,6,8,7,6,9,8,8,7,8,7,Dover; Gateway; Darlington (power bracket only),Cup points debut in 2021. At 1.333 miles it falls below the 1.5-mile threshold and receives the 750-hp package in 2026.,"Nashville blends concrete consistency, relatively narrow preferred lanes and intermediate-like speed. Restarts and pit cycles can create more passing than steady-state traffic does.","DFS: dominator candidates and clean-air speed carry large weight; deep value needs credible long-run pace. Betting: 2026 horsepower is a regime change, so shrink prior results and watch tire falloff/off-throttle time.",S003;S004;S018;S019;S020;S021;S022;S039;S001,High,historical/current,5,1,0,1,6,2021,2026,Calculated from annual points-race schedules S012-S022 and official 2026 schedule S001-S002.,"Analyst structural prior (1=low, 10=high); not an empirical measurement.",Verified Fact for physical/schedule fields; Calculated Result for event counts; Strong Inference for racing/DFS analysis; Working Hypothesis for prior scores.,dover (88.2); bristol_concrete (79.4); martinsville (38.2); wwt_gateway (31.6); new_hampshire (31.3)
new_hampshire,New Hampshire Motor Speedway,1.058-mile oval,"Loudon, New Hampshire",1.058,flat oval,asphalt,False,4,2-7 deg variable,Flat short oval,braking/track-position one-mile,6,8,8,5,9,8,8,8,8,6,Phoenix; Richmond; Gateway; Martinsville,One annual points race since 2018. Wet-weather tire capability and 2026 horsepower can alter race evolution.,"Low banking makes corner entry, center rotation and rear drive decisive. Passing comparable cars is difficult, so restart lane, pit sequence and short-run launch are strongly monetizable.","DFS: prioritize likely leaders and drivers with flat-track technique; place differential is capped when pace gaps are small. Betting: use a flat-track composite, but retain meaningful same-track weight because Loudon’s long corners are distinctive.",S003;S004;S012;S013;S014;S015;S016;S017;S018;S019;S020;S021;S022;S039;S001,High,historical/current,14,0,1,1,15,2015,2026,Calculated from annual points-race schedules S012-S022 and official 2026 schedule S001-S002.,"Analyst structural prior (1=low, 10=high); not an empirical measurement.",Verified Fact for physical/schedule fields; Calculated Result for event counts; Strong Inference for racing/DFS analysis; Working Hypothesis for prior scores.,phoenix_post_2018f (94.7); wwt_gateway (94.3); phoenix_pre_2018f (92.7); iowa (38.9); north_wilkesboro (38.7)
north_wilkesboro,North Wilkesboro Speedway,0.625-mile oval,"North Wilkesboro, North Carolina",0.625,asymmetrical short oval,aged asphalt,False,4,14 deg turns; elevation change,Short oval,worn asymmetric heritage short track,9,7,7,6,9,7,7,8,8,7,Martinsville; Iowa; Richmond,"First scheduled points-paying Cup race since 1996 is July 19, 2026; prior 2023-25 Cup events were non-points and are deferred from the primary sample.","Opposing elevation changes and old pavement create a traction-management problem distinct from a flat paperclip. The scheduled points sample is zero as of the research cutoff, so non-points observations are context only rather than primary evidence.","DFS/betting: use practice, tire falloff and recent non-points race craft as weak priors, then heavily weight qualifying and live-weekend evidence. Market confidence should be lower than at established short tracks.",S003;S004;S001;S002;S040;S039,High facts / Low points-sample,scheduled,0,0,1,1,1,2026,2026,Calculated from annual points-race schedules S012-S022 and official 2026 schedule S001-S002.,"Analyst structural prior (1=low, 10=high); not an empirical measurement.",Verified Fact for physical/schedule fields; Calculated Result for event counts; Strong Inference for racing/DFS analysis; Working Hypothesis for prior scores.,iowa (90.5); richmond (86.3); martinsville (54.6); new_hampshire (38.7); phoenix_post_2018f (38.2)
phoenix_pre_2018f,Phoenix Raceway,pre-November-2018 start/finish orientation,"Avondale, Arizona",1.0,asymmetrical dogleg oval,asphalt,False,4,9-11 deg turns,Flat short oval,pre-relocation Phoenix,5,8,8,4,7,8,8,7,8,5,New Hampshire; Richmond,"Start/finish line remained on the former frontstretch through spring 2018. Physical corners were similar, but restart geometry and lap segmentation changed in fall 2018.","The dogleg allowed line-cutting and shortcut geometry, but the old restart location changed when the most chaotic section appeared within a lap. Use as a related but distinct era rather than discarding it.",DFS/betting: apply decay to 2015-spring 2018 data and avoid combining raw restart/lead-change statistics with the post-relocation era.,S004;S012;S013;S014;S015;S026,High,historical/current,7,0,0,0,7,2015,2018,Calculated from annual points-race schedules S012-S022 and official 2026 schedule S001-S002.,"Analyst structural prior (1=low, 10=high); not an empirical measurement.",Verified Fact for physical/schedule fields; Calculated Result for event counts; Strong Inference for racing/DFS analysis; Working Hypothesis for prior scores.,phoenix_post_2018f (97.8); new_hampshire (92.7); wwt_gateway (89.6); richmond (38.9); iowa (38.1)
phoenix_post_2018f,Phoenix Raceway,November 2018+ start/finish orientation,"Avondale, Arizona",1.0,asymmetrical dogleg oval,asphalt,False,4,9-11 deg turns,Flat short oval,restart-fanout championship short track,5,8,8,4,9,8,8,7,8,5,New Hampshire; Richmond; Gateway,Start/finish moved to the former Turn 2 for the November 2018 race; championship finale since 2020. 2026 uses 750 hp.,"The relocated line makes the dogleg a first-lap/restart decision point, amplifying lane choice and launch. Long-run passing remains difficult, so clean air and pit execution can outweigh small speed differences.",DFS: leader exposure is important; championship races may change strategy/incentives but not the underlying geometry. Betting: use post-2018 data preferentially and treat 2026 horsepower/tire changes as a new sub-era.,S003;S004;S015;S016;S017;S018;S019;S020;S021;S022;S026;S039;S001,High,historical/current,15,1,1,2,17,2018,2026,Calculated from annual points-race schedules S012-S022 and official 2026 schedule S001-S002.,"Analyst structural prior (1=low, 10=high); not an empirical measurement.",Verified Fact for physical/schedule fields; Calculated Result for event counts; Strong Inference for racing/DFS analysis; Working Hypothesis for prior scores.,phoenix_pre_2018f (97.8); new_hampshire (94.7); wwt_gateway (91.4); richmond (38.5); iowa (38.4)
richmond,Richmond Raceway,0.75-mile oval,"Richmond, Virginia",0.75,D-shaped short oval,asphalt,False,4,14 deg turns,Short oval,tire-wear strategy short track,8,6,6,4,7,8,6,9,8,5,Iowa; Phoenix; New Hampshire,Schedule reduced to one annual points race beginning in 2025. Option-tire experiments/rules should be treated as event-level flags.,"Richmond’s low banking and worn surface create meaningful falloff and undercut/overcut choices. The track can look processional when tire deltas are small, but becomes strategically rich when compounds or long runs create speed separation.",DFS: long-run pace and pit-cycle fastest laps matter more than single-lap qualifying. Betting: tire compound and weather should be first-class model inputs; same-track history is portable only across similar tire regimes.,S003;S004;S012;S013;S014;S015;S016;S017;S018;S019;S020;S021;S022;S039;S001,High,historical/current,20,0,1,1,21,2015,2026,Calculated from annual points-race schedules S012-S022 and official 2026 schedule S001-S002.,"Analyst structural prior (1=low, 10=high); not an empirical measurement.",Verified Fact for physical/schedule fields; Calculated Result for event counts; Strong Inference for racing/DFS analysis; Working Hypothesis for prior scores.,iowa (88.9); north_wilkesboro (86.3); martinsville (51.4); phoenix_pre_2018f (38.9); phoenix_post_2018f (38.5)
wwt_gateway,World Wide Technology Raceway,1.25-mile oval,"Madison, Illinois",1.25,egg-shaped oval,asphalt,False,4,11 deg turns 1-2; 9 deg turns 3-4,Flat short oval,asymmetric braking/power oval,5,8,8,6,9,8,8,8,8,6,New Hampshire; Phoenix; Pocono,Cup points debut in 2022; 2026 uses 750 hp because the oval is under 1.5 miles.,"Different corner radii force compromise and reward braking stability plus drive off. Passing is difficult in steady state, so pit sequencing, restarts and mechanical reliability can dominate finishing order.","DFS: likely leaders and track-position plays are favored; deep place differential needs a meaningful speed mismatch. Betting: 2026 power is a regime break and may increase wheelspin/tire management, reducing direct portability of 2022-25 averages.",S003;S004;S019;S020;S021;S022;S039;S001,High,historical/current,4,0,1,1,5,2022,2026,Calculated from annual points-race schedules S012-S022 and official 2026 schedule S001-S002.,"Analyst structural prior (1=low, 10=high); not an empirical measurement.",Verified Fact for physical/schedule fields; Calculated Result for event counts; Strong Inference for racing/DFS analysis; Working Hypothesis for prior scores.,new_hampshire (94.3); phoenix_post_2018f (91.4); phoenix_pre_2018f (89.6); iowa (38.3); north_wilkesboro (38.1)
charlotte_roval_v1,Charlotte Motor Speedway Roval,2018-2023 road course,"Concord, North Carolina",2.32,oval/road hybrid,asphalt,True,17,oval banking plus flat infield,Hybrid road course,chicane/restart incident hybrid,4,8,7,9,10,9,8,9,6,9,Indianapolis road; Daytona road; Chicago street,"Initial Cup Roval era, 2018-2023. Reconfigured for 2024, so do not pool blindly.",The Roval combines high-speed oval commitment with low-speed infield braking and narrow chicanes. Stage and late-caution dynamics create incident clusters that are not explained by generic road-course pace.,"DFS: qualifying, place differential and incident-adjusted ceiling all matter; dominator scoring is lower than on ovals but fastest laps can concentrate. Betting: price restart/chicane survival and road-course skill separately.",S004;S015;S016;S017;S018;S019;S020;S028,High,historical/current,6,0,0,0,6,2018,2023,Calculated from annual points-race schedules S012-S022 and official 2026 schedule S001-S002.,"Analyst structural prior (1=low, 10=high); not an empirical measurement.",Verified Fact for physical/schedule fields; Calculated Result for event counts; Strong Inference for racing/DFS analysis; Working Hypothesis for prior scores.,charlotte_roval_v2 (99.2); indianapolis_road (94.6); daytona_road (75.5); mexico_city (39.7); watkins_glen (39.1)
charlotte_roval_v2,Charlotte Motor Speedway Roval,2024+ reconfigured road course,"Concord, North Carolina",2.28,oval/road hybrid,asphalt,True,17,oval banking plus flat infield,Hybrid road course,revised hairpin/chicane hybrid,4,8,7,9,10,9,8,9,6,9,Charlotte Roval v1; Indianapolis road; Chicago street,Reconfigured for 2024; official entry length 2.28 miles and 17 turns. 2026 uses 750 hp.,"Small geometry changes alter braking sequences and restart flow enough to merit a separate configuration. Historical Roval skill remains relevant, but corner-specific incident rates and lap-time models need re-estimation.","DFS/betting: use v1 results as a shrunk driver-skill prior, not as identical-track data. Give practice and qualifying a high information value because the v2 points sample is small.",S003;S021;S022;S028;S039;S001,High facts / Medium behavior,historical/current,2,0,1,1,3,2024,2026,Calculated from annual points-race schedules S012-S022 and official 2026 schedule S001-S002.,"Analyst structural prior (1=low, 10=high); not an empirical measurement.",Verified Fact for physical/schedule fields; Calculated Result for event counts; Strong Inference for racing/DFS analysis; Working Hypothesis for prior scores.,charlotte_roval_v1 (99.2); indianapolis_road (93.9); daytona_road (75.0); mexico_city (39.6); watkins_glen (39.0)
chicago_street,Chicago Street Course,2.2-mile street course,"Chicago, Illinois",2.2,temporary street circuit,mixed public-road asphalt/concrete,True,12,flat,Street course,narrow low-grip street circuit,3,9,9,9,10,9,9,9,6,10,San Diego; Charlotte Roval; Indianapolis road,Points races 2023-2025; paused for 2026 with potential future return. Weather materially affected the inaugural race.,"Narrow walls, surface transitions and limited runoff convert small errors into large losses. Passing zones are scarce enough that qualifying and pit timing matter, while cautions and weather can reset the event violently.","DFS: road/street specialists and place differential matter, but crash-adjusted projections need wide distributions. Betting: use conservative staking and avoid treating three races as a stable frequency estimate; live weather is essential.",S003;S004;S020;S021;S022;S034,High facts / Medium priors,historical/future-possible,3,0,0,0,3,2023,2025,Calculated from annual points-race schedules S012-S022 and official 2026 schedule S001-S002.,"Analyst structural prior (1=low, 10=high); not an empirical measurement.",Verified Fact for physical/schedule fields; Calculated Result for event counts; Strong Inference for racing/DFS analysis; Working Hypothesis for prior scores.,san_diego_street (71.7); charlotte_roval_v2 (31.4); charlotte_roval_v1 (31.3); indianapolis_road (30.8); mexico_city (30.2)
cota_full,Circuit of The Americas,2021-2024 full course,"Austin, Texas",3.41,permanent road course,asphalt,True,20,significant elevation change,Permanent road course,long technical full course,5,6,4,7,10,9,7,9,6,8,Road America; Sonoma; Indianapolis road,First four Cup races used the full roughly 3.4-mile circuit; shortened in 2025.,"The full layout combined long straights, technical esses, heavy braking and weather sensitivity. Long laps increased the cost of an off-course event and created broad pit-window options.","DFS: road-course skill and fastest-lap potential mattered, but stage/pit timing could invert running order. Betting: full-course results should not be treated as identical to 2025+ short COTA.",S003;S018;S019;S020;S021;S029,High,historical/current,4,0,0,0,4,2021,2024,Calculated from annual points-race schedules S012-S022 and official 2026 schedule S001-S002.,"Analyst structural prior (1=low, 10=high); not an empirical measurement.",Verified Fact for physical/schedule fields; Calculated Result for event counts; Strong Inference for racing/DFS analysis; Working Hypothesis for prior scores.,road_america (84.5); cota_short (80.2); mexico_city (78.4); watkins_glen (76.7); sonoma_carousel (76.3)
cota_short,Circuit of The Americas,2025+ shortened course,"Austin, Texas",2.4,shortened permanent road course,asphalt,True,17,significant elevation change,Permanent road course,compressed technical road course,7,6,4,7,10,8,7,8,6,8,Sonoma short; Watkins Glen; Mexico City,"2025 revision shortened the course to 2.4 miles and 17 turns, increasing lap count from 68 to 95 in the first event. 2026 uses 750 hp.",The shorter lap compresses field encounters and adds restart/passing opportunities while preserving COTA’s braking and elevation identity. Softer tires can make degradation a more central variable than on the full course.,DFS: more laps modestly increase fastest-lap/dominator relevance; practice long runs and tire notes matter. Betting: give 2025-26 short-course data priority and retain full-course data only as driver/organization road-skill evidence.,S002;S022;S029;S030;S039,High,historical/current,1,1,0,1,2,2025,2026,Calculated from annual points-race schedules S012-S022 and official 2026 schedule S001-S002.,"Analyst structural prior (1=low, 10=high); not an empirical measurement.",Verified Fact for physical/schedule fields; Calculated Result for event counts; Strong Inference for racing/DFS analysis; Working Hypothesis for prior scores.,mexico_city (90.6); watkins_glen (89.2); sonoma_carousel (86.4); sonoma_short (81.5); cota_full (80.2)
daytona_road,Daytona International Speedway,3.61-mile road course,"Daytona Beach, Florida",3.61,oval/infield road course,asphalt,True,14,high-banked oval sections,Hybrid road course,high-speed oval/infield hybrid,4,7,6,7,9,9,8,9,6,8,Charlotte Roval; Indianapolis road,Two points races in scope: 2020 and 2021. No current points date.,"High-speed banked sections, bus-stop braking and infield traction created a unique hybrid. Tiny sample and changing car generations make track-specific averages fragile.","DFS/betting: use as a weak donor for Roval/Indy road-course skills, not a standalone predictive database.",S017;S018,High facts / Low sample,historical,2,0,0,0,2,2020,2021,Calculated from annual points-race schedules S012-S022 and official 2026 schedule S001-S002.,"Analyst structural prior (1=low, 10=high); not an empirical measurement.",Verified Fact for physical/schedule fields; Calculated Result for event counts; Strong Inference for racing/DFS analysis; Working Hypothesis for prior scores.,indianapolis_road (78.9); charlotte_roval_v1 (75.5); charlotte_roval_v2 (75.0); cota_full (39.9); road_america (39.3)
indianapolis_road,Indianapolis Motor Speedway,2.439-mile road course,"Speedway, Indiana",2.439,oval/infield road course,asphalt,True,14,mostly flat,Hybrid road course,narrow braking-zone road course,4,7,6,8,10,9,8,9,6,9,Charlotte Roval; Daytona road; COTA short,Cup points races 2021-2023; oval returned in 2024.,"Long straights into heavy braking created dive-bomb opportunities and restart pileups. Track limits, curb geometry and incident management were at least as important as clean-lap speed.","DFS: road-course specialists carried ceiling, but attrition widened viable place-differential plays. Betting: do not carry these results into the Brickyard oval; use only for other braking-heavy road courses.",S018;S019;S020,High,historical/current,3,0,0,0,3,2021,2023,Calculated from annual points-race schedules S012-S022 and official 2026 schedule S001-S002.,"Analyst structural prior (1=low, 10=high); not an empirical measurement.",Verified Fact for physical/schedule fields; Calculated Result for event counts; Strong Inference for racing/DFS analysis; Working Hypothesis for prior scores.,charlotte_roval_v1 (94.6); charlotte_roval_v2 (93.9); daytona_road (78.9); mexico_city (40.5); watkins_glen (40.0)
mexico_city,Autodromo Hermanos Rodriguez,2.42-mile road course,"Mexico City, Mexico",2.42,permanent road course,asphalt,True,15,high altitude; mostly flat circuit,Permanent road course,high-altitude technical road course,6,7,6,7,9,9,8,9,7,8,COTA short; Sonoma; Indianapolis road,First Cup points race in 2025; absent from 2026 schedule. One-race Cup sample.,"Altitude changes cooling, power and braking demands, while the stadium section and technical sequence reward precision. The single event should be analyzed as a case study, not a stable track average.",DFS/betting: road-course specialist priors dominate track history. Market uncertainty should remain high until multiple tire/weather/rules observations exist.,S022;S001,High facts / Low sample,historical/future-possible,1,0,0,0,1,2025,2025,Calculated from annual points-race schedules S012-S022 and official 2026 schedule S001-S002.,"Analyst structural prior (1=low, 10=high); not an empirical measurement.",Verified Fact for physical/schedule fields; Calculated Result for event counts; Strong Inference for racing/DFS analysis; Working Hypothesis for prior scores.,sonoma_carousel (93.0); watkins_glen (92.3); cota_short (90.6); sonoma_short (86.8); cota_full (78.4)
road_america,Road America,4.048-mile road course,"Elkhart Lake, Wisconsin",4.048,long natural-terrain road course,asphalt,True,14,substantial elevation change,Permanent road course,long-lap high-speed natural terrain,4,6,5,7,8,9,7,10,6,8,Watkins Glen; COTA full,Cup points races in 2021 and 2022; no current date.,"The four-mile lap, elevation and long straights create broad strategy windows and punish mistakes with long recovery time. Caution timing can create enormous field inversions because a pit stop consumes a large fraction of a lap.","DFS: fastest laps and place differential are viable, but lap count suppresses conventional dominator volume. Betting: strategy variance and small Cup sample require wide confidence intervals.",S018;S019,High facts / Low sample,historical,2,0,0,0,2,2021,2022,Calculated from annual points-race schedules S012-S022 and official 2026 schedule S001-S002.,"Analyst structural prior (1=low, 10=high); not an empirical measurement.",Verified Fact for physical/schedule fields; Calculated Result for event counts; Strong Inference for racing/DFS analysis; Working Hypothesis for prior scores.,cota_full (84.5); mexico_city (70.7); watkins_glen (70.4); sonoma_carousel (70.0); cota_short (69.9)
san_diego_street,Qualcomm Circuit at Naval Base Coronado,3.4-mile street/runway course,"Coronado, California",3.4,temporary street and runway circuit,mixed worn streets/runways,True,16,flat with mixed surfaces,Street course,fast mixed-surface military-base street course,7,7,6,8,9,9,8,9,6,8,Chicago street; Road America; COTA full,"Debuted June 21, 2026; one completed Cup points race as of cutoff. First active U.S. military installation to host a major NASCAR event.","Unlike Chicago’s compact canyon, San Diego combines long, fast sections with mixed worn pavement and runway surfaces. The first race provides evidence about braking, tire and passing zones, but one result cannot establish stable rates.","DFS/betting: treat track-specific history as near-zero; rely on street/road skill, practice, surface reports and setup adaptability. Apply a large novelty/incident uncertainty term.",S001;S002;S031;S032;S033;S039,High facts / Low sample,current,0,1,0,1,1,2026,2026,Calculated from annual points-race schedules S012-S022 and official 2026 schedule S001-S002.,"Analyst structural prior (1=low, 10=high); not an empirical measurement.",Verified Fact for physical/schedule fields; Calculated Result for event counts; Strong Inference for racing/DFS analysis; Working Hypothesis for prior scores.,chicago_street (71.7); daytona_road (31.4); cota_full (31.3); mexico_city (30.0); road_america (30.0)
sonoma_short,Sonoma Raceway,1.99-mile chute layout,"Sonoma, California",1.99,natural-terrain road course,asphalt,True,10,substantial elevation change,Permanent road course,technical tire-wear road course,8,7,7,6,8,9,8,9,7,7,COTA short; Mexico City; Watkins Glen,Used 2015-2018 and again from 2022; carousel layout used in 2019 and 2021. 2026 uses 750 hp.,"Sonoma’s elevation, low-speed traction and tire falloff make it one of the most complete road-course tests. Passing requires exit setup and braking confidence; pit windows can create undercut/overcut value.","DFS: road specialists with tire management and clean execution deserve priority; dominator points are secondary but not irrelevant. Betting: same-layout Sonoma data is highly valuable, with 2026 horsepower treated as a new sub-era.",S003;S004;S012;S013;S014;S015;S019;S020;S021;S022;S027;S039;S001,High,historical/current,8,1,0,1,9,2015,2026,Calculated from annual points-race schedules S012-S022 and official 2026 schedule S001-S002.,"Analyst structural prior (1=low, 10=high); not an empirical measurement.",Verified Fact for physical/schedule fields; Calculated Result for event counts; Strong Inference for racing/DFS analysis; Working Hypothesis for prior scores.,sonoma_carousel (89.5); mexico_city (86.8); watkins_glen (83.9); cota_short (81.5); cota_full (70.0)
sonoma_carousel,Sonoma Raceway,2.52-mile carousel layout,"Sonoma, California",2.52,natural-terrain road course,asphalt,True,12,substantial elevation change,Permanent road course,long Sonoma carousel layout,7,7,7,6,8,9,8,9,7,7,Sonoma short; COTA full,Used for Cup points races in 2019 and 2021; 2020 event canceled.,"The carousel added sustained cornering and changed lap flow, tire energy and passing setup. Driver skill transfers to short Sonoma, but raw lap and strategy statistics do not.",DFS/betting: two-race sample is contextual only; map driver performance to road-course skill rather than current Sonoma track average.,S016;S018;S027,High facts / Low sample,historical,2,0,0,0,2,2019,2021,Calculated from annual points-race schedules S012-S022 and official 2026 schedule S001-S002.,"Analyst structural prior (1=low, 10=high); not an empirical measurement.",Verified Fact for physical/schedule fields; Calculated Result for event counts; Strong Inference for racing/DFS analysis; Working Hypothesis for prior scores.,mexico_city (93.0); watkins_glen (90.7); sonoma_short (89.5); cota_short (86.4); cota_full (76.3)
watkins_glen,Watkins Glen International,2.45-mile road course,"Watkins Glen, New York",2.45,high-speed natural-terrain road course,asphalt,True,7,elevation change; fast corners,Permanent road course,high-speed flowing road course,4,7,5,6,9,8,8,8,7,7,Road America; COTA short; Sonoma,No major layout split in core window; chicane/curb and tire rules remain event variables. 2026 uses 750 hp.,"Watkins Glen rewards commitment, braking stability and exit speed more than low-speed rotation. Its speed profile makes it a poor one-for-one comparable for Sonoma despite both being road courses.","DFS: qualifying and road-course speed are important, with moderate fastest-lap concentration. Betting: weight high-speed road-course evidence and avoid overgeneralizing from street circuits.",S003;S004;S012;S013;S014;S015;S016;S018;S019;S020;S021;S022;S039;S001,High,historical/current,10,1,0,1,11,2015,2026,Calculated from annual points-race schedules S012-S022 and official 2026 schedule S001-S002.,"Analyst structural prior (1=low, 10=high); not an empirical measurement.",Verified Fact for physical/schedule fields; Calculated Result for event counts; Strong Inference for racing/DFS analysis; Working Hypothesis for prior scores.,mexico_city (92.3); sonoma_carousel (90.7); cota_short (89.2); sonoma_short (83.9); cota_full (76.7)
